tx_acc;taille_equi;secteur_equi;tx_form;tx_courses;heurstag;secteur;Info_secteur;taille;raison_non_form1;raison_non_form2;raison_non_form3;domaine_form_1;domaine_form_2;domaine_form_3
39,6;0;0;30,2;28,3;28,3;Ensemble;Ensemble;Ensemble;temps;formé l'an passé;personnel déjà qualifié ;de base ;habilitation ;certification
44,6;0;1;61,2;59,3;18;Industries extractives;Extraction de houille et de lignite, Extraction d'hydrocarbures, Extraction de minerais métalliques, Autres industries extractives, Services de soutien aux industries extractives;Ensemble;argent;personnel déjà qualifié ;recrute perso déjà formé ;spécifique à un métier;certification;autre
44,9;0;2;26,1;19,9;18,6;Industries alimentaire;Industries alimentaires, Fabrications de boissons, Fabrication de produits à base de tabac;Ensemble;pas de besoin ;recrute perso déjà formé ;temps;habilitation ;autre;langue etrangère
32,9;0;3;28,3;26,1;23,1;Fabrication de textiles;Fabrication de textiles, Industrie de l'habillement, Industrie du cuir et de la chaussure;Ensemble;formé l'an passé;temps;argent;certification;langue etrangère;informatique
35,6;0;4;34;29,8;23,2;Industrie du papier et du carton;Industrie du papier et du carton,  Imprimerie et reproduction d'enregistrements;Ensemble;personnel déjà qualifié ;argent;pas de besoin ;autre;informatique;managment 
59,2;0;5;51,4;47,4;18,4;Cockefaction et raffinage;Cockefaction et raffinage, Industrie chimique et pharmaceutique, Fabrication de produits en caoutchouc et en plastique, Fabrication d'autres produits minéraux non métalliques;Ensemble;recrute perso déjà formé ;pas de besoin ;formé l'an passé;langue etrangère;managment ;de base 
38,8;0;6;48,2;47;23,7;Métallurgie;Métallurgie, Fabrication de produits métalliques, à l'exception des machines et des équipements;Ensemble;temps;formé l'an passé;personnel déjà qualifié ;informatique;de base ;spécifique à un métier
63,6;0;7;47,8;43,8;14,2;Fabrication de produits informatiques;Fabrication de produits informatiques, électroniques et optiques, d'équipements électriques,  machines et équipements n.c.a., Réparation et installation de machines et d'équipements;Ensemble;argent;personnel déjà qualifié ;recrute perso déjà formé ;managment ;spécifique à un métier;habilitation 
69,4;0;8;56,5;52,6;17,3;Industrie automobile;Industrie automobile, Fabrication d'autres matériels de transport;Ensemble;pas de besoin ;recrute perso déjà formé ;temps;de base ;habilitation ;certification
32,4;0;9;30,2;28,7;43,8;Fabrication de meubles;"Fabrication de meubles, Autres industries manufacturières, Travail du bois et fabrication d'articles en bois et en liège, à l'exception des meubles ; fabrication d'articles en vannerie et sparterie";Ensemble;formé l'an passé;temps;argent;spécifique à un métier;certification;autre
47,2;0;10;39,6;37,4;33,5;Production et distribution d'électricité;"Production et distribution d'électricité, de gaz, de vapeur et d'air conditionné, Captage, traitement et distribution d'eau, Collecte et traitement des eaux usées, Collecte, traitement et élimination des déchets ; récupération, Dépollution et autres services de gestion des déchets";Ensemble;personnel déjà qualifié ;argent;pas de besoin ;habilitation ;autre;langue etrangère
27,3;0;11;27,2;25,6;55;Construction;Construction de bâtiments, Génie civil, Travaux de construction spécialisés;Ensemble;recrute perso déjà formé ;pas de besoin ;formé l'an passé;certification;langue etrangère;informatique
25,7;0;12;29,8;29,1;24,3;Commerce et réparation d'automobiles;Commerce et réparation d'automobiles et de motocycles;Ensemble;temps;formé l'an passé;personnel déjà qualifié ;autre;informatique;managment 
34,4;0;13;34,9;32,9;28,7;Commerce de gros;Commerce de gros, à l'exception des automobiles et des motocycles;Ensemble;argent;personnel déjà qualifié ;recrute perso déjà formé ;langue etrangère;managment ;de base 
34,8;0;14;24,8;23,3;27,1;Commerce de détail;Commerce de détail, à l'exception des automobiles et des motocycles;Ensemble;pas de besoin ;recrute perso déjà formé ;temps;informatique;de base ;spécifique à un métier
47,5;0;15;49,7;47,5;27;Transports;Transports terrestres et transport par conduites, par eau, aériens, Entreposage et services auxiliaires des transports, Activités de poste et de courrier;Ensemble;formé l'an passé;temps;argent;managment ;spécifique à un métier;habilitation 
18,6;0;16;19,3;15,7;24,8;Hébergement, Restauration;Hébergement, Restauration;Ensemble;personnel déjà qualifié ;argent;pas de besoin ;de base ;habilitation ;certification
46,3;0;17;32,3;27,9;32,2;Edition, Production de films cinématographiques;"Edition, Production de films cinématographiques, de vidéo et de programmes de télévision ; enregistrement sonore et édition musicale, Programmation et diffusion, Télécommunications, Programmation, conseil et autres activités informatiques, Services d'information";Ensemble;recrute perso déjà formé ;pas de besoin ;formé l'an passé;spécifique à un métier;certification;autre
78,7;0;18;22,2;21,8;24,2;Activités des services financiers;Activités des services financiers, hors assurance et caisses de retraite, Assurance;Ensemble;temps;formé l'an passé;personnel déjà qualifié ;habilitation ;autre;langue etrangère
59,7;0;19;43,1;42,8;23;Activités auxiliaires de services financiers et d'assurance;Activités auxiliaires de services financiers et d'assurance;Ensemble;argent;personnel déjà qualifié ;recrute perso déjà formé ;certification;langue etrangère;informatique
26,1;0;20;34,1;32,3;62,6;Activités des organisations associatives;Activités des organisations associatives;Ensemble;pas de besoin ;recrute perso déjà formé ;temps;autre;informatique;managment 
37;0;21;23,1;22,1;31,5;Activités immobilières;Activités immobilières, Réparation d'ordinateurs et de biens personnels et domestiques, Autres services personnels;Ensemble;formé l'an passé;temps;argent;langue etrangère;managment ;de base 
46,8;0;22;42,2;40,9;30,5;Activités juridiques et comptables;"Activités juridiques et comptables, Activités des sièges sociaux ; conseil de gestion, Activités d'architecture et d'ingénierie ; activités de contrôle et analyses techniques, Publicité et études de marché, Autres activités spécialisées, scientifiques et techniques, Activités vétérinaires";Ensemble;personnel déjà qualifié ;argent;pas de besoin ;informatique;de base ;spécifique à un métier
33,1;0;23;34,4;32,9;24,6;Activités de location;Activités de location et location-bail, Activités liées à l'emploi, Activités des agences de voyage, voyagistes, services de réservation et activités connexes, Enquêtes et sécurité, Services relatifs aux bâtiments et aménagement paysager, Activités administratives et autres activités de soutien aux entreprises;Ensemble;recrute perso déjà formé ;pas de besoin ;formé l'an passé;managment ;spécifique à un métier;habilitation 
20,8;0;24;30,3;28,8;86,6;Activités créatives, artistiques et de spectacle;Activités créatives, artistiques et de spectacle, Bibliothèques, archives, musées et autres activités culturelles, Organisation de jeux de hasard et d'argent, Activités sportives, récréatives et de loisirs;Ensemble;temps;formé l'an passé;personnel déjà qualifié ;de base ;habilitation ;certification
14,3;0;25;19;17,7;31;Agriculture, sylviculture et pêche;Culture et production animale, chasse et services annexes, Sylviculture et exploitation forestière, Pêche et aquaculture;Ensemble;argent;personnel déjà qualifié ;recrute perso déjà formé ;spécifique à un métier;certification;autre
30,7;0;26;45;40,6;20,2;Enseignement;Enseignement;Ensemble;pas de besoin ;recrute perso déjà formé ;temps;habilitation ;autre;langue etrangère
41,1;0;27;33,1;31,7;27,4;Administration publique et santé;"Administration publique et défense ; sécurité sociale obligatoire, Activités pour la santé humaine, Hébergement médico-social et social, Action sociale sans hébergement";Ensemble;formé l'an passé;temps;argent;certification;langue etrangère;informatique
13,8;1;0;19;18,8;100;Ensemble;Ensemble;1 à 3 salariés;personnel déjà qualifié ;argent;pas de besoin ;autre;informatique;managment 
75;1;1;100;100;9,3;Industries extractives;Extraction de houille et de lignite, Extraction d'hydrocarbures, Extraction de minerais métalliques, Autres industries extractives, Services de soutien aux industries extractives;1 à 3 salariés;recrute perso déjà formé ;pas de besoin ;formé l'an passé;langue etrangère;managment ;de base 
0;1;2;0;0;;Industries alimentaire;Industries alimentaires, Fabrications de boissons, Fabrication de produits à base de tabac;1 à 3 salariés;temps;formé l'an passé;personnel déjà qualifié ;informatique;de base ;spécifique à un métier
0;1;3;0;0;;Fabrication de textiles;Fabrication de textiles, Industrie de l'habillement, Industrie du cuir et de la chaussure;1 à 3 salariés;argent;personnel déjà qualifié ;recrute perso déjà formé ;managment ;spécifique à un métier;habilitation 
0;1;4;0;0;;Industrie du papier et du carton;Industrie du papier et du carton,  Imprimerie et reproduction d'enregistrements;1 à 3 salariés;pas de besoin ;recrute perso déjà formé ;temps;de base ;habilitation ;certification
0;1;5;0;0;;Cockefaction et raffinage;Cockefaction et raffinage, Industrie chimique et pharmaceutique, Fabrication de produits en caoutchouc et en plastique, Fabrication d'autres produits minéraux non métalliques;1 à 3 salariés;formé l'an passé;temps;argent;spécifique à un métier;certification;autre
8,3;1;6;9,3;9,3;12,2;Métallurgie;Métallurgie, Fabrication de produits métalliques, à l'exception des machines et des équipements;1 à 3 salariés;personnel déjà qualifié ;argent;pas de besoin ;habilitation ;autre;langue etrangère
10,4;1;7;20,2;20,2;16,2;Fabrication de produits informatiques;Fabrication de produits informatiques, électroniques et optiques, d'équipements électriques,  machines et équipements n.c.a., Réparation et installation de machines et d'équipements;1 à 3 salariés;recrute perso déjà formé ;pas de besoin ;formé l'an passé;certification;langue etrangère;informatique
0;1;8;0;0;;Industrie automobile;Industrie automobile, Fabrication d'autres matériels de transport;1 à 3 salariés;temps;formé l'an passé;personnel déjà qualifié ;autre;informatique;managment 
14,3;1;9;11,3;11,3;25,3;Fabrication de meubles;"Fabrication de meubles, Autres industries manufacturières, Travail du bois et fabrication d'articles en bois et en liège, à l'exception des meubles ; fabrication d'articles en vannerie et sparterie";1 à 3 salariés;argent;personnel déjà qualifié ;recrute perso déjà formé ;langue etrangère;managment ;de base 
0;1;10;0;0;;Production et distribution d'électricité;"Production et distribution d'électricité, de gaz, de vapeur et d'air conditionné, Captage, traitement et distribution d'eau, Collecte et traitement des eaux usées, Collecte, traitement et élimination des déchets ; récupération, Dépollution et autres services de gestion des déchets";1 à 3 salariés;pas de besoin ;recrute perso déjà formé ;temps;informatique;de base ;spécifique à un métier
11,5;1;11;18;18;379,1;Construction;Construction de bâtiments, Génie civil, Travaux de construction spécialisés;1 à 3 salariés;formé l'an passé;temps;argent;managment ;spécifique à un métier;habilitation 
9,8;1;12;17,8;17,8;37,2;Commerce et réparation d'automobiles;Commerce et réparation d'automobiles et de motocycles;1 à 3 salariés;personnel déjà qualifié ;argent;pas de besoin ;de base ;habilitation ;certification
9,1;1;13;15,1;15,1;45,2;Commerce de gros;Commerce de gros, à l'exception des automobiles et des motocycles;1 à 3 salariés;recrute perso déjà formé ;pas de besoin ;formé l'an passé;spécifique à un métier;certification;autre
14,2;1;14;17,3;17,3;14,3;Commerce de détail;Commerce de détail, à l'exception des automobiles et des motocycles;1 à 3 salariés;temps;formé l'an passé;personnel déjà qualifié ;habilitation ;autre;langue etrangère
13,6;1;15;29,2;29,2;24;Transports;Transports terrestres et transport par conduites, par eau, aériens, Entreposage et services auxiliaires des transports, Activités de poste et de courrier;1 à 3 salariés;argent;personnel déjà qualifié ;recrute perso déjà formé ;certification;langue etrangère;informatique
4,2;1;16;7,9;7,9;27,4;Hébergement, Restauration;Hébergement, Restauration;1 à 3 salariés;pas de besoin ;recrute perso déjà formé ;temps;autre;informatique;managment 
8,4;1;17;13,8;13,8;172,6;Edition, Production de films cinématographiques;"Edition, Production de films cinématographiques, de vidéo et de programmes de télévision ; enregistrement sonore et édition musicale, Programmation et diffusion, Télécommunications, Programmation, conseil et autres activités informatiques, Services d'information";1 à 3 salariés;formé l'an passé;temps;argent;langue etrangère;managment ;de base 
9,8;1;18;10;10;24,5;Activités des services financiers;Activités des services financiers, hors assurance et caisses de retraite, Assurance;1 à 3 salariés;personnel déjà qualifié ;argent;pas de besoin ;informatique;de base ;spécifique à un métier
37,8;1;19;32,6;32,6;16,7;Activités auxiliaires de services financiers et d'assurance;Activités auxiliaires de services financiers et d'assurance;1 à 3 salariés;recrute perso déjà formé ;pas de besoin ;formé l'an passé;managment ;spécifique à un métier;habilitation 
16,9;1;20;23,4;23,4;101,6;Activités des organisations associatives;Activités des organisations associatives;1 à 3 salariés;temps;formé l'an passé;personnel déjà qualifié ;de base ;habilitation ;certification
19;1;21;20,2;20,2;100,8;Activités immobilières;Activités immobilières, Réparation d'ordinateurs et de biens personnels et domestiques, Autres services personnels;1 à 3 salariés;argent;personnel déjà qualifié ;recrute perso déjà formé ;spécifique à un métier;certification;autre
25,2;1;22;29,7;29,7;88;Activités juridiques et comptables;"Activités juridiques et comptables, Activités des sièges sociaux ; conseil de gestion, Activités d'architecture et d'ingénierie ; activités de contrôle et analyses techniques, Publicité et études de marché, Autres activités spécialisées, scientifiques et techniques, Activités vétérinaires";1 à 3 salariés;pas de besoin ;recrute perso déjà formé ;temps;habilitation ;autre;langue etrangère
23,3;1;23;27,5;26,9;36,6;Activités de location;Activités de location et location-bail, Activités liées à l'emploi, Activités des agences de voyage, voyagistes, services de réservation et activités connexes, Enquêtes et sécurité, Services relatifs aux bâtiments et aménagement paysager, Activités administratives et autres activités de soutien aux entreprises;1 à 3 salariés;formé l'an passé;temps;argent;certification;langue etrangère;informatique
8,1;1;24;23,7;23;279,1;Activités créatives, artistiques et de spectacle;Activités créatives, artistiques et de spectacle, Bibliothèques, archives, musées et autres activités culturelles, Organisation de jeux de hasard et d'argent, Activités sportives, récréatives et de loisirs;1 à 3 salariés;personnel déjà qualifié ;argent;pas de besoin ;autre;informatique;managment 
9,5;1;25;14,7;14,7;40,5;Agriculture, sylviculture et pêche;Culture et production animale, chasse et services annexes, Sylviculture et exploitation forestière, Pêche et aquaculture;1 à 3 salariés;recrute perso déjà formé ;pas de besoin ;formé l'an passé;langue etrangère;managment ;de base 
17,1;1;26;26,2;22,5;29,9;Enseignement;Enseignement;1 à 3 salariés;temps;formé l'an passé;personnel déjà qualifié ;informatique;de base ;spécifique à un métier
12,1;1;27;12,2;12,2;15;Administration publique et santé;"Administration publique et défense ; sécurité sociale obligatoire, Activités pour la santé humaine, Hébergement médico-social et social, Action sociale sans hébergement";1 à 3 salariés;argent;personnel déjà qualifié ;recrute perso déjà formé ;managment ;spécifique à un métier;habilitation 
24,5;2;0;35,9;32,1;45,7;Ensemble;Ensemble;4 à 9 salariés;pas de besoin ;recrute perso déjà formé ;temps;de base ;habilitation ;certification
0;2;1;0;0;;Industries extractives;Extraction de houille et de lignite, Extraction d'hydrocarbures, Extraction de minerais métalliques, Autres industries extractives, Services de soutien aux industries extractives;4 à 9 salariés;formé l'an passé;temps;argent;spécifique à un métier;certification;autre
2,9;2;2;35,2;20,8;13,1;Industries alimentaire;Industries alimentaires, Fabrications de boissons, Fabrication de produits à base de tabac;4 à 9 salariés;personnel déjà qualifié ;argent;pas de besoin ;habilitation ;autre;langue etrangère
0;2;3;0;0;;Fabrication de textiles;Fabrication de textiles, Industrie de l'habillement, Industrie du cuir et de la chaussure;4 à 9 salariés;recrute perso déjà formé ;pas de besoin ;formé l'an passé;certification;langue etrangère;informatique
20;2;4;100;100;21;Industrie du papier et du carton;Industrie du papier et du carton,  Imprimerie et reproduction d'enregistrements;4 à 9 salariés;temps;formé l'an passé;personnel déjà qualifié ;autre;informatique;managment 
7,4;2;5;31,3;22,6;16,5;Cockefaction et raffinage;Cockefaction et raffinage, Industrie chimique et pharmaceutique, Fabrication de produits en caoutchouc et en plastique, Fabrication d'autres produits minéraux non métalliques;4 à 9 salariés;argent;personnel déjà qualifié ;recrute perso déjà formé ;langue etrangère;managment ;de base 
16;2;6;35,7;35,7;51,6;Métallurgie;Métallurgie, Fabrication de produits métalliques, à l'exception des machines et des équipements;4 à 9 salariés;pas de besoin ;recrute perso déjà formé ;temps;informatique;de base ;spécifique à un métier
22,3;2;7;32,7;32,7;17,9;Fabrication de produits informatiques;Fabrication de produits informatiques, électroniques et optiques, d'équipements électriques,  machines et équipements n.c.a., Réparation et installation de machines et d'équipements;4 à 9 salariés;formé l'an passé;temps;argent;managment ;spécifique à un métier;habilitation 
0;2;8;0;0;;Industrie automobile;Industrie automobile, Fabrication d'autres matériels de transport;4 à 9 salariés;personnel déjà qualifié ;argent;pas de besoin ;de base ;habilitation ;certification
9,8;2;9;41,3;41,3;279,9;Fabrication de meubles;"Fabrication de meubles, Autres industries manufacturières, Travail du bois et fabrication d'articles en bois et en liège, à l'exception des meubles ; fabrication d'articles en vannerie et sparterie";4 à 9 salariés;recrute perso déjà formé ;pas de besoin ;formé l'an passé;spécifique à un métier;certification;autre
22,2;2;10;44,8;44,8;15,6;Production et distribution d'électricité;"Production et distribution d'électricité, de gaz, de vapeur et d'air conditionné, Captage, traitement et distribution d'eau, Collecte et traitement des eaux usées, Collecte, traitement et élimination des déchets ; récupération, Dépollution et autres services de gestion des déchets";4 à 9 salariés;temps;formé l'an passé;personnel déjà qualifié ;habilitation ;autre;langue etrangère
15,8;2;11;32;28,5;25,9;Construction;Construction de bâtiments, Génie civil, Travaux de construction spécialisés;4 à 9 salariés;argent;personnel déjà qualifié ;recrute perso déjà formé ;certification;langue etrangère;informatique
11,9;2;12;31,5;31,5;58,5;Commerce et réparation d'automobiles;Commerce et réparation d'automobiles et de motocycles;4 à 9 salariés;pas de besoin ;recrute perso déjà formé ;temps;autre;informatique;managment 
11,3;2;13;38,4;35,8;198,9;Commerce de gros;Commerce de gros, à l'exception des automobiles et des motocycles;4 à 9 salariés;formé l'an passé;temps;argent;langue etrangère;managment ;de base 
15,1;2;14;26,8;24,9;194,6;Commerce de détail;Commerce de détail, à l'exception des automobiles et des motocycles;4 à 9 salariés;personnel déjà qualifié ;argent;pas de besoin ;informatique;de base ;spécifique à un métier
18,3;2;15;48,8;45,7;23,3;Transports;Transports terrestres et transport par conduites, par eau, aériens, Entreposage et services auxiliaires des transports, Activités de poste et de courrier;4 à 9 salariés;recrute perso déjà formé ;pas de besoin ;formé l'an passé;managment ;spécifique à un métier;habilitation 
9,9;2;16;26,9;19,6;63;Hébergement, Restauration;Hébergement, Restauration;4 à 9 salariés;temps;formé l'an passé;personnel déjà qualifié ;de base ;habilitation ;certification
15,3;2;17;48;34,8;112,2;Edition, Production de films cinématographiques;"Edition, Production de films cinématographiques, de vidéo et de programmes de télévision ; enregistrement sonore et édition musicale, Programmation et diffusion, Télécommunications, Programmation, conseil et autres activités informatiques, Services d'information";4 à 9 salariés;argent;personnel déjà qualifié ;recrute perso déjà formé ;spécifique à un métier;certification;autre
21;2;18;23,9;23,9;13,5;Activités des services financiers;Activités des services financiers, hors assurance et caisses de retraite, Assurance;4 à 9 salariés;pas de besoin ;recrute perso déjà formé ;temps;habilitation ;autre;langue etrangère
46,3;2;19;65,2;65,2;35,5;Activités auxiliaires de services financiers et d'assurance;Activités auxiliaires de services financiers et d'assurance;4 à 9 salariés;formé l'an passé;temps;argent;certification;langue etrangère;informatique
20,3;2;20;56,3;52;129,6;Activités des organisations associatives;Activités des organisations associatives;4 à 9 salariés;personnel déjà qualifié ;argent;pas de besoin ;autre;informatique;managment 
30,3;2;21;21,8;16,1;11,4;Activités immobilières;Activités immobilières, Réparation d'ordinateurs et de biens personnels et domestiques, Autres services personnels;4 à 9 salariés;recrute perso déjà formé ;pas de besoin ;formé l'an passé;langue etrangère;managment ;de base 
32,6;2;22;50,8;48,7;50,6;Activités juridiques et comptables;"Activités juridiques et comptables, Activités des sièges sociaux ; conseil de gestion, Activités d'architecture et d'ingénierie ; activités de contrôle et analyses techniques, Publicité et études de marché, Autres activités spécialisées, scientifiques et techniques, Activités vétérinaires";4 à 9 salariés;temps;formé l'an passé;personnel déjà qualifié ;informatique;de base ;spécifique à un métier
79,8;2;23;40,5;39,7;11,8;Activités de location;Activités de location et location-bail, Activités liées à l'emploi, Activités des agences de voyage, voyagistes, services de réservation et activités connexes, Enquêtes et sécurité, Services relatifs aux bâtiments et aménagement paysager, Activités administratives et autres activités de soutien aux entreprises;4 à 9 salariés;argent;personnel déjà qualifié ;recrute perso déjà formé ;managment ;spécifique à un métier;habilitation 
13,6;2;24;42,7;40;84,2;Activités créatives, artistiques et de spectacle;Activités créatives, artistiques et de spectacle, Bibliothèques, archives, musées et autres activités culturelles, Organisation de jeux de hasard et d'argent, Activités sportives, récréatives et de loisirs;4 à 9 salariés;pas de besoin ;recrute perso déjà formé ;temps;de base ;habilitation ;certification
8,5;2;25;36,9;27,5;46,3;Agriculture, sylviculture et pêche;Culture et production animale, chasse et services annexes, Sylviculture et exploitation forestière, Pêche et aquaculture;4 à 9 salariés;formé l'an passé;temps;argent;spécifique à un métier;certification;autre
28,9;2;26;67,7;65,5;13,8;Enseignement;Enseignement;4 à 9 salariés;personnel déjà qualifié ;argent;pas de besoin ;habilitation ;autre;langue etrangère
41,8;2;27;37;37;21,5;Administration publique et santé;"Administration publique et défense ; sécurité sociale obligatoire, Activités pour la santé humaine, Hébergement médico-social et social, Action sociale sans hébergement";4 à 9 salariés;recrute perso déjà formé ;pas de besoin ;formé l'an passé;certification;langue etrangère;informatique
22,2;3;0;61,3;53,6;34,2;Ensemble;Ensemble;10 à 19 salariés;temps;formé l'an passé;personnel déjà qualifié ;autre;informatique;managment 
32,4;3;1;75,9;69,8;17,6;Industries extractives;Extraction de houille et de lignite, Extraction d'hydrocarbures, Extraction de minerais métalliques, Autres industries extractives, Services de soutien aux industries extractives;10 à 19 salariés;argent;personnel déjà qualifié ;recrute perso déjà formé ;langue etrangère;managment ;de base 
16,7;3;2;43,2;39,5;30;Industries alimentaire;Industries alimentaires, Fabrications de boissons, Fabrication de produits à base de tabac;10 à 19 salariés;pas de besoin ;recrute perso déjà formé ;temps;informatique;de base ;spécifique à un métier
19;3;3;57,1;53,6;35;Fabrication de textiles;Fabrication de textiles, Industrie de l'habillement, Industrie du cuir et de la chaussure;10 à 19 salariés;formé l'an passé;temps;argent;managment ;spécifique à un métier;habilitation 
10,5;3;4;53,2;37,8;50,5;Industrie du papier et du carton;Industrie du papier et du carton,  Imprimerie et reproduction d'enregistrements;10 à 19 salariés;personnel déjà qualifié ;argent;pas de besoin ;de base ;habilitation ;certification
58,7;3;5;73,9;65,2;16,3;Cockefaction et raffinage;Cockefaction et raffinage, Industrie chimique et pharmaceutique, Fabrication de produits en caoutchouc et en plastique, Fabrication d'autres produits minéraux non métalliques;10 à 19 salariés;recrute perso déjà formé ;pas de besoin ;formé l'an passé;spécifique à un métier;certification;autre
20,7;3;6;61,4;59,2;24,9;Métallurgie;Métallurgie, Fabrication de produits métalliques, à l'exception des machines et des équipements;10 à 19 salariés;temps;formé l'an passé;personnel déjà qualifié ;habilitation ;autre;langue etrangère
21,3;3;7;77,2;60,5;29,9;Fabrication de produits informatiques;Fabrication de produits informatiques, électroniques et optiques, d'équipements électriques,  machines et équipements n.c.a., Réparation et installation de machines et d'équipements;10 à 19 salariés;argent;personnel déjà qualifié ;recrute perso déjà formé ;certification;langue etrangère;informatique
23,2;3;8;72,3;68,8;34,5;Industrie automobile;Industrie automobile, Fabrication d'autres matériels de transport;10 à 19 salariés;pas de besoin ;recrute perso déjà formé ;temps;autre;informatique;managment 
12,1;3;9;50,3;39,6;33,5;Fabrication de meubles;"Fabrication de meubles, Autres industries manufacturières, Travail du bois et fabrication d'articles en bois et en liège, à l'exception des meubles ; fabrication d'articles en vannerie et sparterie";10 à 19 salariés;formé l'an passé;temps;argent;langue etrangère;managment ;de base 
34,5;3;10;71,3;65,6;32,9;Production et distribution d'électricité;"Production et distribution d'électricité, de gaz, de vapeur et d'air conditionné, Captage, traitement et distribution d'eau, Collecte et traitement des eaux usées, Collecte, traitement et élimination des déchets ; récupération, Dépollution et autres services de gestion des déchets";10 à 19 salariés;personnel déjà qualifié ;argent;pas de besoin ;informatique;de base ;spécifique à un métier
17,3;3;11;56,3;49,3;41,3;Construction;Construction de bâtiments, Génie civil, Travaux de construction spécialisés;10 à 19 salariés;recrute perso déjà formé ;pas de besoin ;formé l'an passé;managment ;spécifique à un métier;habilitation 
19,9;3;12;74,6;68;29,2;Commerce et réparation d'automobiles;Commerce et réparation d'automobiles et de motocycles;10 à 19 salariés;temps;formé l'an passé;personnel déjà qualifié ;de base ;habilitation ;certification
19,6;3;13;62,2;55,5;32,8;Commerce de gros;Commerce de gros, à l'exception des automobiles et des motocycles;10 à 19 salariés;argent;personnel déjà qualifié ;recrute perso déjà formé ;spécifique à un métier;certification;autre
19,7;3;14;57;46,7;27,3;Commerce de détail;Commerce de détail, à l'exception des automobiles et des motocycles;10 à 19 salariés;pas de besoin ;recrute perso déjà formé ;temps;habilitation ;autre;langue etrangère
24,7;3;15;67,5;62,5;36;Transports;Transports terrestres et transport par conduites, par eau, aériens, Entreposage et services auxiliaires des transports, Activités de poste et de courrier;10 à 19 salariés;formé l'an passé;temps;argent;certification;langue etrangère;informatique
11,5;3;16;44,1;31;38,4;Hébergement, Restauration;Hébergement, Restauration;10 à 19 salariés;personnel déjà qualifié ;argent;pas de besoin ;autre;informatique;managment 
17,5;3;17;63,4;51,4;41,5;Edition, Production de films cinématographiques;"Edition, Production de films cinématographiques, de vidéo et de programmes de télévision ; enregistrement sonore et édition musicale, Programmation et diffusion, Télécommunications, Programmation, conseil et autres activités informatiques, Services d'information";10 à 19 salariés;recrute perso déjà formé ;pas de besoin ;formé l'an passé;langue etrangère;managment ;de base 
39,8;3;18;64;63,1;42,4;Activités des services financiers;Activités des services financiers, hors assurance et caisses de retraite, Assurance;10 à 19 salariés;temps;formé l'an passé;personnel déjà qualifié ;informatique;de base ;spécifique à un métier
47,4;3;19;78,3;73,5;29,9;Activités auxiliaires de services financiers et d'assurance;Activités auxiliaires de services financiers et d'assurance;10 à 19 salariés;argent;personnel déjà qualifié ;recrute perso déjà formé ;managment ;spécifique à un métier;habilitation 
29,4;3;20;69,1;57,2;26,9;Activités des organisations associatives;Activités des organisations associatives;10 à 19 salariés;pas de besoin ;recrute perso déjà formé ;temps;de base ;habilitation ;certification
24,7;3;21;58,6;57,4;29,6;Activités immobilières;Activités immobilières, Réparation d'ordinateurs et de biens personnels et domestiques, Autres services personnels;10 à 19 salariés;formé l'an passé;temps;argent;spécifique à un métier;certification;autre
33,3;3;22;73,1;68;32,2;Activités juridiques et comptables;"Activités juridiques et comptables, Activités des sièges sociaux ; conseil de gestion, Activités d'architecture et d'ingénierie ; activités de contrôle et analyses techniques, Publicité et études de marché, Autres activités spécialisées, scientifiques et techniques, Activités vétérinaires";10 à 19 salariés;personnel déjà qualifié ;argent;pas de besoin ;habilitation ;autre;langue etrangère
17,4;3;23;66,3;55,5;35;Activités de location;Activités de location et location-bail, Activités liées à l'emploi, Activités des agences de voyage, voyagistes, services de réservation et activités connexes, Enquêtes et sécurité, Services relatifs aux bâtiments et aménagement paysager, Activités administratives et autres activités de soutien aux entreprises;10 à 19 salariés;recrute perso déjà formé ;pas de besoin ;formé l'an passé;certification;langue etrangère;informatique
27,5;3;24;62,3;57,4;50,9;Activités créatives, artistiques et de spectacle;Activités créatives, artistiques et de spectacle, Bibliothèques, archives, musées et autres activités culturelles, Organisation de jeux de hasard et d'argent, Activités sportives, récréatives et de loisirs;10 à 19 salariés;temps;formé l'an passé;personnel déjà qualifié ;autre;informatique;managment 
21,2;3;25;48;44,5;16,7;Agriculture, sylviculture et pêche;Culture et production animale, chasse et services annexes, Sylviculture et exploitation forestière, Pêche et aquaculture;10 à 19 salariés;argent;personnel déjà qualifié ;recrute perso déjà formé ;langue etrangère;managment ;de base 
31,9;3;26;65,1;58,6;20,1;Enseignement;Enseignement;10 à 19 salariés;pas de besoin ;recrute perso déjà formé ;temps;informatique;de base ;spécifique à un métier
26,9;3;27;74,8;68,8;48,3;Administration publique et santé;"Administration publique et défense ; sécurité sociale obligatoire, Activités pour la santé humaine, Hébergement médico-social et social, Action sociale sans hébergement";10 à 19 salariés;formé l'an passé;temps;argent;managment ;spécifique à un métier;habilitation 
27,4;4;0;78,9;72;30;Ensemble;Ensemble;20 à 49 salariés;personnel déjà qualifié ;argent;pas de besoin ;de base ;habilitation ;certification
32,1;4;1;82,5;78,6;23,1;Industries extractives;Extraction de houille et de lignite, Extraction d'hydrocarbures, Extraction de minerais métalliques, Autres industries extractives, Services de soutien aux industries extractives;20 à 49 salariés;recrute perso déjà formé ;pas de besoin ;formé l'an passé;spécifique à un métier;certification;autre
34,3;4;2;71,3;66,1;22;Industries alimentaire;Industries alimentaires, Fabrications de boissons, Fabrication de produits à base de tabac;20 à 49 salariés;temps;formé l'an passé;personnel déjà qualifié ;habilitation ;autre;langue etrangère
24,6;4;3;78,8;68,9;31,1;Fabrication de textiles;Fabrication de textiles, Industrie de l'habillement, Industrie du cuir et de la chaussure;20 à 49 salariés;argent;personnel déjà qualifié ;recrute perso déjà formé ;certification;langue etrangère;informatique
21;4;4;75,5;67,7;27,6;Industrie du papier et du carton;Industrie du papier et du carton,  Imprimerie et reproduction d'enregistrements;20 à 49 salariés;pas de besoin ;recrute perso déjà formé ;temps;autre;informatique;managment 
35,2;4;5;90,6;85,6;17,5;Cockefaction et raffinage;Cockefaction et raffinage, Industrie chimique et pharmaceutique, Fabrication de produits en caoutchouc et en plastique, Fabrication d'autres produits minéraux non métalliques;20 à 49 salariés;formé l'an passé;temps;argent;langue etrangère;managment ;de base 
31,7;4;6;84,9;80,5;27,3;Métallurgie;Métallurgie, Fabrication de produits métalliques, à l'exception des machines et des équipements;20 à 49 salariés;personnel déjà qualifié ;argent;pas de besoin ;informatique;de base ;spécifique à un métier
35,8;4;7;91,4;81,5;27,5;Fabrication de produits informatiques;Fabrication de produits informatiques, électroniques et optiques, d'équipements électriques,  machines et équipements n.c.a., Réparation et installation de machines et d'équipements;20 à 49 salariés;recrute perso déjà formé ;pas de besoin ;formé l'an passé;managment ;spécifique à un métier;habilitation 
20;4;8;84,2;69,7;21,9;Industrie automobile;Industrie automobile, Fabrication d'autres matériels de transport;20 à 49 salariés;temps;formé l'an passé;personnel déjà qualifié ;de base ;habilitation ;certification
19,9;4;9;63,2;60,6;55,7;Fabrication de meubles;"Fabrication de meubles, Autres industries manufacturières, Travail du bois et fabrication d'articles en bois et en liège, à l'exception des meubles ; fabrication d'articles en vannerie et sparterie";20 à 49 salariés;argent;personnel déjà qualifié ;recrute perso déjà formé ;spécifique à un métier;certification;autre
43,9;4;10;94;85,8;21;Production et distribution d'électricité;"Production et distribution d'électricité, de gaz, de vapeur et d'air conditionné, Captage, traitement et distribution d'eau, Collecte et traitement des eaux usées, Collecte, traitement et élimination des déchets ; récupération, Dépollution et autres services de gestion des déchets";20 à 49 salariés;pas de besoin ;recrute perso déjà formé ;temps;habilitation ;autre;langue etrangère
25,6;4;11;71,9;66,2;23,7;Construction;Construction de bâtiments, Génie civil, Travaux de construction spécialisés;20 à 49 salariés;formé l'an passé;temps;argent;certification;langue etrangère;informatique
33,7;4;12;89,4;84,6;20,6;Commerce et réparation d'automobiles;Commerce et réparation d'automobiles et de motocycles;20 à 49 salariés;personnel déjà qualifié ;argent;pas de besoin ;autre;informatique;managment 
22,7;4;13;77;73,3;28,6;Commerce de gros;Commerce de gros, à l'exception des automobiles et des motocycles;20 à 49 salariés;recrute perso déjà formé ;pas de besoin ;formé l'an passé;langue etrangère;managment ;de base 
21,3;4;14;68,3;58,5;29,7;Commerce de détail;Commerce de détail, à l'exception des automobiles et des motocycles;20 à 49 salariés;temps;formé l'an passé;personnel déjà qualifié ;informatique;de base ;spécifique à un métier
18,5;4;15;85,3;79,5;35,7;Transports;Transports terrestres et transport par conduites, par eau, aériens, Entreposage et services auxiliaires des transports, Activités de poste et de courrier;20 à 49 salariés;argent;personnel déjà qualifié ;recrute perso déjà formé ;managment ;spécifique à un métier;habilitation 
17,5;4;16;67,6;59,8;32,4;Hébergement, Restauration;Hébergement, Restauration;20 à 49 salariés;pas de besoin ;recrute perso déjà formé ;temps;de base ;habilitation ;certification
22,4;4;17;77,2;68,4;26,5;Edition, Production de films cinématographiques;"Edition, Production de films cinématographiques, de vidéo et de programmes de télévision ; enregistrement sonore et édition musicale, Programmation et diffusion, Télécommunications, Programmation, conseil et autres activités informatiques, Services d'information";20 à 49 salariés;formé l'an passé;temps;argent;spécifique à un métier;certification;autre
38;4;18;74,2;66,4;29;Activités des services financiers;Activités des services financiers, hors assurance et caisses de retraite, Assurance;20 à 49 salariés;personnel déjà qualifié ;argent;pas de besoin ;habilitation ;autre;langue etrangère
39,2;4;19;89,9;85,2;38,1;Activités auxiliaires de services financiers et d'assurance;Activités auxiliaires de services financiers et d'assurance;20 à 49 salariés;recrute perso déjà formé ;pas de besoin ;formé l'an passé;certification;langue etrangère;informatique
34,5;4;20;88;77,2;38,4;Activités des organisations associatives;Activités des organisations associatives;20 à 49 salariés;temps;formé l'an passé;personnel déjà qualifié ;autre;informatique;managment 
44,9;4;21;89,9;85;12,8;Activités immobilières;Activités immobilières, Réparation d'ordinateurs et de biens personnels et domestiques, Autres services personnels;20 à 49 salariés;argent;personnel déjà qualifié ;recrute perso déjà formé ;langue etrangère;managment ;de base 
37,6;4;22;88,7;81,9;32,4;Activités juridiques et comptables;"Activités juridiques et comptables, Activités des sièges sociaux ; conseil de gestion, Activités d'architecture et d'ingénierie ; activités de contrôle et analyses techniques, Publicité et études de marché, Autres activités spécialisées, scientifiques et techniques, Activités vétérinaires";20 à 49 salariés;pas de besoin ;recrute perso déjà formé ;temps;informatique;de base ;spécifique à un métier
20,3;4;23;76,9;69,3;37,8;Activités de location;Activités de location et location-bail, Activités liées à l'emploi, Activités des agences de voyage, voyagistes, services de réservation et activités connexes, Enquêtes et sécurité, Services relatifs aux bâtiments et aménagement paysager, Activités administratives et autres activités de soutien aux entreprises;20 à 49 salariés;formé l'an passé;temps;argent;managment ;spécifique à un métier;habilitation 
28,9;4;24;77;69,6;59,5;Activités créatives, artistiques et de spectacle;Activités créatives, artistiques et de spectacle, Bibliothèques, archives, musées et autres activités culturelles, Organisation de jeux de hasard et d'argent, Activités sportives, récréatives et de loisirs;20 à 49 salariés;personnel déjà qualifié ;argent;pas de besoin ;de base ;habilitation ;certification
31;4;25;70,6;68,8;30,9;Agriculture, sylviculture et pêche;Culture et production animale, chasse et services annexes, Sylviculture et exploitation forestière, Pêche et aquaculture;20 à 49 salariés;recrute perso déjà formé ;pas de besoin ;formé l'an passé;spécifique à un métier;certification;autre
23,8;4;26;62,7;53,5;29,1;Enseignement;Enseignement;20 à 49 salariés;temps;formé l'an passé;personnel déjà qualifié ;habilitation ;autre;langue etrangère
31,4;4;27;89,1;80,6;31,8;Administration publique et santé;"Administration publique et défense ; sécurité sociale obligatoire, Activités pour la santé humaine, Hébergement médico-social et social, Action sociale sans hébergement";20 à 49 salariés;argent;personnel déjà qualifié ;recrute perso déjà formé ;certification;langue etrangère;informatique
44,4;5;0;95,1;90,3;20,7;Ensemble;Ensemble;50 à 249 salariés;pas de besoin ;recrute perso déjà formé ;temps;autre;informatique;managment 
61,2;5;1;100;100;17,8;Industries extractives;Extraction de houille et de lignite, Extraction d'hydrocarbures, Extraction de minerais métalliques, Autres industries extractives, Services de soutien aux industries extractives;50 à 249 salariés;formé l'an passé;temps;argent;langue etrangère;managment ;de base 
51,2;5;2;93,6;92;24,6;Industries alimentaire;Industries alimentaires, Fabrications de boissons, Fabrication de produits à base de tabac;50 à 249 salariés;personnel déjà qualifié ;argent;pas de besoin ;informatique;de base ;spécifique à un métier
39,2;5;3;91,8;89,8;21,7;Fabrication de textiles;Fabrication de textiles, Industrie de l'habillement, Industrie du cuir et de la chaussure;50 à 249 salariés;recrute perso déjà formé ;pas de besoin ;formé l'an passé;managment ;spécifique à un métier;habilitation 
40,8;5;4;96,1;92,8;23,1;Industrie du papier et du carton;Industrie du papier et du carton,  Imprimerie et reproduction d'enregistrements;50 à 249 salariés;temps;formé l'an passé;personnel déjà qualifié ;de base ;habilitation ;certification
50,9;5;5;93,1;93,1;19;Cockefaction et raffinage;Cockefaction et raffinage, Industrie chimique et pharmaceutique, Fabrication de produits en caoutchouc et en plastique, Fabrication d'autres produits minéraux non métalliques;50 à 249 salariés;argent;personnel déjà qualifié ;recrute perso déjà formé ;spécifique à un métier;certification;autre
35;5;6;97,3;97,3;25,4;Métallurgie;Métallurgie, Fabrication de produits métalliques, à l'exception des machines et des équipements;50 à 249 salariés;pas de besoin ;recrute perso déjà formé ;temps;habilitation ;autre;langue etrangère
76,3;5;7;100;96,4;9,1;Fabrication de produits informatiques;Fabrication de produits informatiques, électroniques et optiques, d'équipements électriques,  machines et équipements n.c.a., Réparation et installation de machines et d'équipements;50 à 249 salariés;formé l'an passé;temps;argent;certification;langue etrangère;informatique
39,5;5;8;96,4;92,9;13,9;Industrie automobile;Industrie automobile, Fabrication d'autres matériels de transport;50 à 249 salariés;personnel déjà qualifié ;argent;pas de besoin ;autre;informatique;managment 
47,6;5;9;89,9;89,9;49,3;Fabrication de meubles;"Fabrication de meubles, Autres industries manufacturières, Travail du bois et fabrication d'articles en bois et en liège, à l'exception des meubles ; fabrication d'articles en vannerie et sparterie";50 à 249 salariés;recrute perso déjà formé ;pas de besoin ;formé l'an passé;langue etrangère;managment ;de base 
55,8;5;10;100;97,8;19,1;Production et distribution d'électricité;"Production et distribution d'électricité, de gaz, de vapeur et d'air conditionné, Captage, traitement et distribution d'eau, Collecte et traitement des eaux usées, Collecte, traitement et élimination des déchets ; récupération, Dépollution et autres services de gestion des déchets";50 à 249 salariés;temps;formé l'an passé;personnel déjà qualifié ;informatique;de base ;spécifique à un métier
42,3;5;11;96,5;89,8;23,8;Construction;Construction de bâtiments, Génie civil, Travaux de construction spécialisés;50 à 249 salariés;argent;personnel déjà qualifié ;recrute perso déjà formé ;managment ;spécifique à un métier;habilitation 
36,5;5;12;94,1;88,6;18;Commerce et réparation d'automobiles;Commerce et réparation d'automobiles et de motocycles;50 à 249 salariés;pas de besoin ;recrute perso déjà formé ;temps;de base ;habilitation ;certification
42,1;5;13;96,5;91,9;21,5;Commerce de gros;Commerce de gros, à l'exception des automobiles et des motocycles;50 à 249 salariés;formé l'an passé;temps;argent;spécifique à un métier;certification;autre
31,6;5;14;91,3;86;22,9;Commerce de détail;Commerce de détail, à l'exception des automobiles et des motocycles;50 à 249 salariés;personnel déjà qualifié ;argent;pas de besoin ;habilitation ;autre;langue etrangère
40,7;5;15;100;96,3;19,1;Transports;Transports terrestres et transport par conduites, par eau, aériens, Entreposage et services auxiliaires des transports, Activités de poste et de courrier;50 à 249 salariés;recrute perso déjà formé ;pas de besoin ;formé l'an passé;certification;langue etrangère;informatique
28,8;5;16;88,3;74,2;21,1;Hébergement, Restauration;Hébergement, Restauration;50 à 249 salariés;temps;formé l'an passé;personnel déjà qualifié ;autre;informatique;managment 
39,7;5;17;89,6;85,9;18,5;Edition, Production de films cinématographiques;"Edition, Production de films cinématographiques, de vidéo et de programmes de télévision ; enregistrement sonore et édition musicale, Programmation et diffusion, Télécommunications, Programmation, conseil et autres activités informatiques, Services d'information";50 à 249 salariés;argent;personnel déjà qualifié ;recrute perso déjà formé ;langue etrangère;managment ;de base 
62,7;5;18;100;100;24,7;Activités des services financiers;Activités des services financiers, hors assurance et caisses de retraite, Assurance;50 à 249 salariés;pas de besoin ;recrute perso déjà formé ;temps;informatique;de base ;spécifique à un métier
77,3;5;19;100;100;18,7;Activités auxiliaires de services financiers et d'assurance;Activités auxiliaires de services financiers et d'assurance;50 à 249 salariés;formé l'an passé;temps;argent;managment ;spécifique à un métier;habilitation 
38,6;5;20;100;95,4;35;Activités des organisations associatives;Activités des organisations associatives;50 à 249 salariés;personnel déjà qualifié ;argent;pas de besoin ;de base ;habilitation ;certification
51,3;5;21;88,5;81;35,3;Activités immobilières;Activités immobilières, Réparation d'ordinateurs et de biens personnels et domestiques, Autres services personnels;50 à 249 salariés;recrute perso déjà formé ;pas de besoin ;formé l'an passé;spécifique à un métier;certification;autre
53,2;5;22;96;90,6;21,5;Activités juridiques et comptables;"Activités juridiques et comptables, Activités des sièges sociaux ; conseil de gestion, Activités d'architecture et d'ingénierie ; activités de contrôle et analyses techniques, Publicité et études de marché, Autres activités spécialisées, scientifiques et techniques, Activités vétérinaires";50 à 249 salariés;temps;formé l'an passé;personnel déjà qualifié ;habilitation ;autre;langue etrangère
28,3;5;23;93,8;89;23,8;Activités de location;Activités de location et location-bail, Activités liées à l'emploi, Activités des agences de voyage, voyagistes, services de réservation et activités connexes, Enquêtes et sécurité, Services relatifs aux bâtiments et aménagement paysager, Activités administratives et autres activités de soutien aux entreprises;50 à 249 salariés;argent;personnel déjà qualifié ;recrute perso déjà formé ;certification;langue etrangère;informatique
31,7;5;24;95,4;89,1;39,3;Activités créatives, artistiques et de spectacle;Activités créatives, artistiques et de spectacle, Bibliothèques, archives, musées et autres activités culturelles, Organisation de jeux de hasard et d'argent, Activités sportives, récréatives et de loisirs;50 à 249 salariés;pas de besoin ;recrute perso déjà formé ;temps;autre;informatique;managment 
44;5;25;93,2;78,6;10,1;Agriculture, sylviculture et pêche;Culture et production animale, chasse et services annexes, Sylviculture et exploitation forestière, Pêche et aquaculture;50 à 249 salariés;formé l'an passé;temps;argent;langue etrangère;managment ;de base 
29,9;5;26;93;84;13,9;Enseignement;Enseignement;50 à 249 salariés;personnel déjà qualifié ;argent;pas de besoin ;informatique;de base ;spécifique à un métier
43,3;5;27;96,8;92,8;25,5;Administration publique et santé;"Administration publique et défense ; sécurité sociale obligatoire, Activités pour la santé humaine, Hébergement médico-social et social, Action sociale sans hébergement";50 à 249 salariés;recrute perso déjà formé ;pas de besoin ;formé l'an passé;managment ;spécifique à un métier;habilitation 
53;6;0;98,2;96,3;20,3;Ensemble;Ensemble;250 à 499 salariés;temps;formé l'an passé;personnel déjà qualifié ;de base ;habilitation ;certification
54,5;6;1;100;100;17,5;Industries extractives;Extraction de houille et de lignite, Extraction d'hydrocarbures, Extraction de minerais métalliques, Autres industries extractives, Services de soutien aux industries extractives;250 à 499 salariés;argent;personnel déjà qualifié ;recrute perso déjà formé ;spécifique à un métier;certification;autre
68,6;6;2;99;97,9;18,2;Industries alimentaire;Industries alimentaires, Fabrications de boissons, Fabrication de produits à base de tabac;250 à 499 salariés;pas de besoin ;recrute perso déjà formé ;temps;habilitation ;autre;langue etrangère
41,2;6;3;94,8;88,8;25,6;Fabrication de textiles;Fabrication de textiles, Industrie de l'habillement, Industrie du cuir et de la chaussure;250 à 499 salariés;formé l'an passé;temps;argent;certification;langue etrangère;informatique
46;6;4;100;80,5;23,9;Industrie du papier et du carton;Industrie du papier et du carton,  Imprimerie et reproduction d'enregistrements;250 à 499 salariés;personnel déjà qualifié ;argent;pas de besoin ;autre;informatique;managment 
66,5;6;5;100;98,2;19,2;Cockefaction et raffinage;Cockefaction et raffinage, Industrie chimique et pharmaceutique, Fabrication de produits en caoutchouc et en plastique, Fabrication d'autres produits minéraux non métalliques;250 à 499 salariés;recrute perso déjà formé ;pas de besoin ;formé l'an passé;langue etrangère;managment ;de base 
56,9;6;6;100;96,6;16,5;Métallurgie;Métallurgie, Fabrication de produits métalliques, à l'exception des machines et des équipements;250 à 499 salariés;temps;formé l'an passé;personnel déjà qualifié ;informatique;de base ;spécifique à un métier
66,2;6;7;100;100;17,2;Fabrication de produits informatiques;Fabrication de produits informatiques, électroniques et optiques, d'équipements électriques,  machines et équipements n.c.a., Réparation et installation de machines et d'équipements;250 à 499 salariés;argent;personnel déjà qualifié ;recrute perso déjà formé ;managment ;spécifique à un métier;habilitation 
50,8;6;8;86,7;86,7;13,4;Industrie automobile;Industrie automobile, Fabrication d'autres matériels de transport;250 à 499 salariés;pas de besoin ;recrute perso déjà formé ;temps;de base ;habilitation ;certification
48,7;6;9;100;100;15,5;Fabrication de meubles;"Fabrication de meubles, Autres industries manufacturières, Travail du bois et fabrication d'articles en bois et en liège, à l'exception des meubles ; fabrication d'articles en vannerie et sparterie";250 à 499 salariés;formé l'an passé;temps;argent;spécifique à un métier;certification;autre
56,2;6;10;100;100;23,6;Production et distribution d'électricité;"Production et distribution d'électricité, de gaz, de vapeur et d'air conditionné, Captage, traitement et distribution d'eau, Collecte et traitement des eaux usées, Collecte, traitement et élimination des déchets ; récupération, Dépollution et autres services de gestion des déchets";250 à 499 salariés;personnel déjà qualifié ;argent;pas de besoin ;habilitation ;autre;langue etrangère
58,7;6;11;98,9;96,5;21,8;Construction;Construction de bâtiments, Génie civil, Travaux de construction spécialisés;250 à 499 salariés;recrute perso déjà formé ;pas de besoin ;formé l'an passé;certification;langue etrangère;informatique
36,5;6;12;97,2;92,2;15;Commerce et réparation d'automobiles;Commerce et réparation d'automobiles et de motocycles;250 à 499 salariés;temps;formé l'an passé;personnel déjà qualifié ;autre;informatique;managment 
58,1;6;13;100;100;19,3;Commerce de gros;Commerce de gros, à l'exception des automobiles et des motocycles;250 à 499 salariés;argent;personnel déjà qualifié ;recrute perso déjà formé ;langue etrangère;managment ;de base 
32,8;6;14;96,2;93,2;12,8;Commerce de détail;Commerce de détail, à l'exception des automobiles et des motocycles;250 à 499 salariés;pas de besoin ;recrute perso déjà formé ;temps;informatique;de base ;spécifique à un métier
50,3;6;15;99,3;97,9;21,4;Transports;Transports terrestres et transport par conduites, par eau, aériens, Entreposage et services auxiliaires des transports, Activités de poste et de courrier;250 à 499 salariés;formé l'an passé;temps;argent;managment ;spécifique à un métier;habilitation 
58,9;6;16;100;91,6;15,4;Hébergement, Restauration;Hébergement, Restauration;250 à 499 salariés;personnel déjà qualifié ;argent;pas de besoin ;de base ;habilitation ;certification
55,2;6;17;96;93,4;21,1;Edition, Production de films cinématographiques;"Edition, Production de films cinématographiques, de vidéo et de programmes de télévision ; enregistrement sonore et édition musicale, Programmation et diffusion, Télécommunications, Programmation, conseil et autres activités informatiques, Services d'information";250 à 499 salariés;recrute perso déjà formé ;pas de besoin ;formé l'an passé;spécifique à un métier;certification;autre
77;6;18;100;100;25,9;Activités des services financiers;Activités des services financiers, hors assurance et caisses de retraite, Assurance;250 à 499 salariés;temps;formé l'an passé;personnel déjà qualifié ;habilitation ;autre;langue etrangère
77,9;6;19;100;100;20;Activités auxiliaires de services financiers et d'assurance;Activités auxiliaires de services financiers et d'assurance;250 à 499 salariés;argent;personnel déjà qualifié ;recrute perso déjà formé ;certification;langue etrangère;informatique
39,9;6;20;100;100;27,6;Activités des organisations associatives;Activités des organisations associatives;250 à 499 salariés;pas de besoin ;recrute perso déjà formé ;temps;autre;informatique;managment 
67,1;6;21;100;100;15,5;Activités immobilières;Activités immobilières, Réparation d'ordinateurs et de biens personnels et domestiques, Autres services personnels;250 à 499 salariés;formé l'an passé;temps;argent;langue etrangère;managment ;de base 
65,2;6;22;99,1;98,5;18,3;Activités juridiques et comptables;"Activités juridiques et comptables, Activités des sièges sociaux ; conseil de gestion, Activités d'architecture et d'ingénierie ; activités de contrôle et analyses techniques, Publicité et études de marché, Autres activités spécialisées, scientifiques et techniques, Activités vétérinaires";250 à 499 salariés;personnel déjà qualifié ;argent;pas de besoin ;informatique;de base ;spécifique à un métier
33,7;6;23;97,3;93,8;25,3;Activités de location;Activités de location et location-bail, Activités liées à l'emploi, Activités des agences de voyage, voyagistes, services de réservation et activités connexes, Enquêtes et sécurité, Services relatifs aux bâtiments et aménagement paysager, Activités administratives et autres activités de soutien aux entreprises;250 à 499 salariés;recrute perso déjà formé ;pas de besoin ;formé l'an passé;managment ;spécifique à un métier;habilitation 
45,4;6;24;84,7;84,7;21,1;Activités créatives, artistiques et de spectacle;Activités créatives, artistiques et de spectacle, Bibliothèques, archives, musées et autres activités culturelles, Organisation de jeux de hasard et d'argent, Activités sportives, récréatives et de loisirs;250 à 499 salariés;temps;formé l'an passé;personnel déjà qualifié ;de base ;habilitation ;certification
43,2;6;25;100;100;29,5;Agriculture, sylviculture et pêche;Culture et production animale, chasse et services annexes, Sylviculture et exploitation forestière, Pêche et aquaculture;250 à 499 salariés;argent;personnel déjà qualifié ;recrute perso déjà formé ;spécifique à un métier;certification;autre
33;6;26;95,6;93,2;23,6;Enseignement;Enseignement;250 à 499 salariés;pas de besoin ;recrute perso déjà formé ;temps;habilitation ;autre;langue etrangère
48;6;27;98,2;96,2;24,6;Administration publique et santé;"Administration publique et défense ; sécurité sociale obligatoire, Activités pour la santé humaine, Hébergement médico-social et social, Action sociale sans hébergement";250 à 499 salariés;formé l'an passé;temps;argent;certification;langue etrangère;informatique
51,2;7;0;99,8;97,9;20,6;Ensemble;Ensemble;500 à 999 salariés;personnel déjà qualifié ;argent;pas de besoin ;autre;informatique;managment 
67,1;7;1;100;100;19,8;Industries extractives;Extraction de houille et de lignite, Extraction d'hydrocarbures, Extraction de minerais métalliques, Autres industries extractives, Services de soutien aux industries extractives;500 à 999 salariés;recrute perso déjà formé ;pas de besoin ;formé l'an passé;langue etrangère;managment ;de base 
73,6;7;2;100;100;15,9;Industries alimentaire;Industries alimentaires, Fabrications de boissons, Fabrication de produits à base de tabac;500 à 999 salariés;temps;formé l'an passé;personnel déjà qualifié ;informatique;de base ;spécifique à un métier
55,5;7;3;100;100;13,6;Fabrication de textiles;Fabrication de textiles, Industrie de l'habillement, Industrie du cuir et de la chaussure;500 à 999 salariés;argent;personnel déjà qualifié ;recrute perso déjà formé ;managment ;spécifique à un métier;habilitation 
55,7;7;4;100;100;19;Industrie du papier et du carton;Industrie du papier et du carton,  Imprimerie et reproduction d'enregistrements;500 à 999 salariés;pas de besoin ;recrute perso déjà formé ;temps;de base ;habilitation ;certification
73,4;7;5;100;100;16,1;Cockefaction et raffinage;Cockefaction et raffinage, Industrie chimique et pharmaceutique, Fabrication de produits en caoutchouc et en plastique, Fabrication d'autres produits minéraux non métalliques;500 à 999 salariés;formé l'an passé;temps;argent;spécifique à un métier;certification;autre
59,6;7;6;100;100;25,6;Métallurgie;Métallurgie, Fabrication de produits métalliques, à l'exception des machines et des équipements;500 à 999 salariés;personnel déjà qualifié ;argent;pas de besoin ;habilitation ;autre;langue etrangère
67,9;7;7;100;100;20,4;Fabrication de produits informatiques;Fabrication de produits informatiques, électroniques et optiques, d'équipements électriques,  machines et équipements n.c.a., Réparation et installation de machines et d'équipements;500 à 999 salariés;recrute perso déjà formé ;pas de besoin ;formé l'an passé;certification;langue etrangère;informatique
62,2;7;8;100;100;20,8;Industrie automobile;Industrie automobile, Fabrication d'autres matériels de transport;500 à 999 salariés;temps;formé l'an passé;personnel déjà qualifié ;autre;informatique;managment 
44,9;7;9;100;100;17,5;Fabrication de meubles;"Fabrication de meubles, Autres industries manufacturières, Travail du bois et fabrication d'articles en bois et en liège, à l'exception des meubles ; fabrication d'articles en vannerie et sparterie";500 à 999 salariés;argent;personnel déjà qualifié ;recrute perso déjà formé ;langue etrangère;managment ;de base 
66,5;7;10;100;100;16;Production et distribution d'électricité;"Production et distribution d'électricité, de gaz, de vapeur et d'air conditionné, Captage, traitement et distribution d'eau, Collecte et traitement des eaux usées, Collecte, traitement et élimination des déchets ; récupération, Dépollution et autres services de gestion des déchets";500 à 999 salariés;pas de besoin ;recrute perso déjà formé ;temps;informatique;de base ;spécifique à un métier
57,4;7;11;100;96,8;23,5;Construction;Construction de bâtiments, Génie civil, Travaux de construction spécialisés;500 à 999 salariés;formé l'an passé;temps;argent;managment ;spécifique à un métier;habilitation 
40,4;7;12;100;100;18;Commerce et réparation d'automobiles;Commerce et réparation d'automobiles et de motocycles;500 à 999 salariés;personnel déjà qualifié ;argent;pas de besoin ;de base ;habilitation ;certification
55,1;7;13;100;100;17,1;Commerce de gros;Commerce de gros, à l'exception des automobiles et des motocycles;500 à 999 salariés;recrute perso déjà formé ;pas de besoin ;formé l'an passé;spécifique à un métier;certification;autre
44,3;7;14;98,2;90,8;16,6;Commerce de détail;Commerce de détail, à l'exception des automobiles et des motocycles;500 à 999 salariés;temps;formé l'an passé;personnel déjà qualifié ;habilitation ;autre;langue etrangère
58,7;7;15;100;100;23,1;Transports;Transports terrestres et transport par conduites, par eau, aériens, Entreposage et services auxiliaires des transports, Activités de poste et de courrier;500 à 999 salariés;argent;personnel déjà qualifié ;recrute perso déjà formé ;certification;langue etrangère;informatique
144,3;7;16;100;100;4,2;Hébergement, Restauration;Hébergement, Restauration;500 à 999 salariés;pas de besoin ;recrute perso déjà formé ;temps;autre;informatique;managment 
55,5;7;17;100;96,4;23,5;Edition, Production de films cinématographiques;"Edition, Production de films cinématographiques, de vidéo et de programmes de télévision ; enregistrement sonore et édition musicale, Programmation et diffusion, Télécommunications, Programmation, conseil et autres activités informatiques, Services d'information";500 à 999 salariés;formé l'an passé;temps;argent;langue etrangère;managment ;de base 
84,1;7;18;100;96,7;20,8;Activités des services financiers;Activités des services financiers, hors assurance et caisses de retraite, Assurance;500 à 999 salariés;personnel déjà qualifié ;argent;pas de besoin ;informatique;de base ;spécifique à un métier
82,4;7;19;100;100;21,3;Activités auxiliaires de services financiers et d'assurance;Activités auxiliaires de services financiers et d'assurance;500 à 999 salariés;recrute perso déjà formé ;pas de besoin ;formé l'an passé;managment ;spécifique à un métier;habilitation 
75,6;7;20;100;100;52,5;Activités des organisations associatives;Activités des organisations associatives;500 à 999 salariés;temps;formé l'an passé;personnel déjà qualifié ;de base ;habilitation ;certification
64;7;21;100;95,7;16,8;Activités immobilières;Activités immobilières, Réparation d'ordinateurs et de biens personnels et domestiques, Autres services personnels;500 à 999 salariés;argent;personnel déjà qualifié ;recrute perso déjà formé ;spécifique à un métier;certification;autre
64,1;7;22;100;100;17,4;Activités juridiques et comptables;"Activités juridiques et comptables, Activités des sièges sociaux ; conseil de gestion, Activités d'architecture et d'ingénierie ; activités de contrôle et analyses techniques, Publicité et études de marché, Autres activités spécialisées, scientifiques et techniques, Activités vétérinaires";500 à 999 salariés;pas de besoin ;recrute perso déjà formé ;temps;habilitation ;autre;langue etrangère
20,9;7;23;100;95,5;27,9;Activités de location;Activités de location et location-bail, Activités liées à l'emploi, Activités des agences de voyage, voyagistes, services de réservation et activités connexes, Enquêtes et sécurité, Services relatifs aux bâtiments et aménagement paysager, Activités administratives et autres activités de soutien aux entreprises;500 à 999 salariés;formé l'an passé;temps;argent;certification;langue etrangère;informatique
49,7;7;24;100;100;19;Activités créatives, artistiques et de spectacle;Activités créatives, artistiques et de spectacle, Bibliothèques, archives, musées et autres activités culturelles, Organisation de jeux de hasard et d'argent, Activités sportives, récréatives et de loisirs;500 à 999 salariés;personnel déjà qualifié ;argent;pas de besoin ;autre;informatique;managment 
60,3;7;25;100;100;14,6;Agriculture, sylviculture et pêche;Culture et production animale, chasse et services annexes, Sylviculture et exploitation forestière, Pêche et aquaculture;500 à 999 salariés;recrute perso déjà formé ;pas de besoin ;formé l'an passé;langue etrangère;managment ;de base 
40,4;7;26;100;94,5;29,8;Enseignement;Enseignement;500 à 999 salariés;temps;formé l'an passé;personnel déjà qualifié ;informatique;de base ;spécifique à un métier
48,1;7;27;99,5;96,8;25,8;Administration publique et santé;"Administration publique et défense ; sécurité sociale obligatoire, Activités pour la santé humaine, Hébergement médico-social et social, Action sociale sans hébergement";500 à 999 salariés;argent;personnel déjà qualifié ;recrute perso déjà formé ;managment ;spécifique à un métier;habilitation 
63,2;8;0;99,4;98,8;23;Ensemble;Ensemble;1000 salariés et plus;pas de besoin ;recrute perso déjà formé ;temps;de base ;habilitation ;certification
58,9;8;1;100;100;17,8;Industries extractives;Extraction de houille et de lignite, Extraction d'hydrocarbures, Extraction de minerais métalliques, Autres industries extractives, Services de soutien aux industries extractives;1000 salariés et plus;formé l'an passé;temps;argent;spécifique à un métier;certification;autre
80,2;8;2;100;100;14,1;Industries alimentaire;Industries alimentaires, Fabrications de boissons, Fabrication de produits à base de tabac;1000 salariés et plus;personnel déjà qualifié ;argent;pas de besoin ;habilitation ;autre;langue etrangère
32,9;8;3;100;100;19,4;Fabrication de textiles;Fabrication de textiles, Industrie de l'habillement, Industrie du cuir et de la chaussure;1000 salariés et plus;recrute perso déjà formé ;pas de besoin ;formé l'an passé;certification;langue etrangère;informatique
62,3;8;4;100;100;15;Industrie du papier et du carton;Industrie du papier et du carton,  Imprimerie et reproduction d'enregistrements;1000 salariés et plus;temps;formé l'an passé;personnel déjà qualifié ;autre;informatique;managment 
71,1;8;5;100;100;19,3;Cockefaction et raffinage;Cockefaction et raffinage, Industrie chimique et pharmaceutique, Fabrication de produits en caoutchouc et en plastique, Fabrication d'autres produits minéraux non métalliques;1000 salariés et plus;argent;personnel déjà qualifié ;recrute perso déjà formé ;langue etrangère;managment ;de base 
72,4;8;6;100;100;19,1;Métallurgie;Métallurgie, Fabrication de produits métalliques, à l'exception des machines et des équipements;1000 salariés et plus;pas de besoin ;recrute perso déjà formé ;temps;informatique;de base ;spécifique à un métier
67,6;8;7;100;100;19,4;Fabrication de produits informatiques;Fabrication de produits informatiques, électroniques et optiques, d'équipements électriques,  machines et équipements n.c.a., Réparation et installation de machines et d'équipements;1000 salariés et plus;formé l'an passé;temps;argent;managment ;spécifique à un métier;habilitation 
77,6;8;8;100;100;17,4;Industrie automobile;Industrie automobile, Fabrication d'autres matériels de transport;1000 salariés et plus;personnel déjà qualifié ;argent;pas de besoin ;de base ;habilitation ;certification
54,7;8;9;100;83,3;18,6;Fabrication de meubles;"Fabrication de meubles, Autres industries manufacturières, Travail du bois et fabrication d'articles en bois et en liège, à l'exception des meubles ; fabrication d'articles en vannerie et sparterie";1000 salariés et plus;recrute perso déjà formé ;pas de besoin ;formé l'an passé;spécifique à un métier;certification;autre
45,9;8;10;100;100;38,6;Production et distribution d'électricité;"Production et distribution d'électricité, de gaz, de vapeur et d'air conditionné, Captage, traitement et distribution d'eau, Collecte et traitement des eaux usées, Collecte, traitement et élimination des déchets ; récupération, Dépollution et autres services de gestion des déchets";1000 salariés et plus;temps;formé l'an passé;personnel déjà qualifié ;habilitation ;autre;langue etrangère
68,2;8;11;100;100;19,3;Construction;Construction de bâtiments, Génie civil, Travaux de construction spécialisés;1000 salariés et plus;argent;personnel déjà qualifié ;recrute perso déjà formé ;certification;langue etrangère;informatique
47,8;8;12;88,3;88,3;18,6;Commerce et réparation d'automobiles;Commerce et réparation d'automobiles et de motocycles;1000 salariés et plus;pas de besoin ;recrute perso déjà formé ;temps;autre;informatique;managment 
51,1;8;13;100;100;18,8;Commerce de gros;Commerce de gros, à l'exception des automobiles et des motocycles;1000 salariés et plus;formé l'an passé;temps;argent;langue etrangère;managment ;de base 
63,2;8;14;98,9;97,9;10,2;Commerce de détail;Commerce de détail, à l'exception des automobiles et des motocycles;1000 salariés et plus;personnel déjà qualifié ;argent;pas de besoin ;informatique;de base ;spécifique à un métier
68;8;15;100;100;29,7;Transports;Transports terrestres et transport par conduites, par eau, aériens, Entreposage et services auxiliaires des transports, Activités de poste et de courrier;1000 salariés et plus;recrute perso déjà formé ;pas de besoin ;formé l'an passé;managment ;spécifique à un métier;habilitation 
38,4;8;16;100;100;10,6;Hébergement, Restauration;Hébergement, Restauration;1000 salariés et plus;temps;formé l'an passé;personnel déjà qualifié ;de base ;habilitation ;certification
75,2;8;17;100;100;32,8;Edition, Production de films cinématographiques;"Edition, Production de films cinématographiques, de vidéo et de programmes de télévision ; enregistrement sonore et édition musicale, Programmation et diffusion, Télécommunications, Programmation, conseil et autres activités informatiques, Services d'information";1000 salariés et plus;argent;personnel déjà qualifié ;recrute perso déjà formé ;spécifique à un métier;certification;autre
93,9;8;18;100;100;24,1;Activités des services financiers;Activités des services financiers, hors assurance et caisses de retraite, Assurance;1000 salariés et plus;pas de besoin ;recrute perso déjà formé ;temps;habilitation ;autre;langue etrangère
95,9;8;19;100;100;17,6;Activités auxiliaires de services financiers et d'assurance;Activités auxiliaires de services financiers et d'assurance;1000 salariés et plus;formé l'an passé;temps;argent;certification;langue etrangère;informatique
40;8;20;100;100;33,8;Activités des organisations associatives;Activités des organisations associatives;1000 salariés et plus;personnel déjà qualifié ;argent;pas de besoin ;autre;informatique;managment 
66,6;8;21;100;90,3;16,8;Activités immobilières;Activités immobilières, Réparation d'ordinateurs et de biens personnels et domestiques, Autres services personnels;1000 salariés et plus;recrute perso déjà formé ;pas de besoin ;formé l'an passé;langue etrangère;managment ;de base 
73,4;8;22;96,3;96,3;21,9;Activités juridiques et comptables;"Activités juridiques et comptables, Activités des sièges sociaux ; conseil de gestion, Activités d'architecture et d'ingénierie ; activités de contrôle et analyses techniques, Publicité et études de marché, Autres activités spécialisées, scientifiques et techniques, Activités vétérinaires";1000 salariés et plus;temps;formé l'an passé;personnel déjà qualifié ;informatique;de base ;spécifique à un métier
38,2;8;23;98,8;98,8;26,8;Activités de location;Activités de location et location-bail, Activités liées à l'emploi, Activités des agences de voyage, voyagistes, services de réservation et activités connexes, Enquêtes et sécurité, Services relatifs aux bâtiments et aménagement paysager, Activités administratives et autres activités de soutien aux entreprises;1000 salariés et plus;argent;personnel déjà qualifié ;formé l'an passé;managment ;spécifique à un métier;habilitation 
76,8;8;24;100;87,5;16,9;Activités créatives, artistiques et de spectacle;Activités créatives, artistiques et de spectacle, Bibliothèques, archives, musées et autres activités culturelles, Organisation de jeux de hasard et d'argent, Activités sportives, récréatives et de loisirs;1000 salariés et plus;pas de besoin ;formé l'an passé;personnel déjà qualifié ;de base ;habilitation ;de base 
62,8;8;26;100;100;21,4;Enseignement;Enseignement;1000 salariés et plus;formé l'an passé;personnel déjà qualifié ;recrute perso déjà formé ;spécifique à un métier;habilitation ;spécifique à un métier
48;8;27;99,4;98,3;29,1;Administration publique et santé;"Administration publique et défense ; sécurité sociale obligatoire, Activités pour la santé humaine, Hébergement médico-social et social, Action sociale sans hébergement";1000 salariés et plus;personnel déjà qualifié ;recrute perso déjà formé ;personnel déjà qualifié ;habilitation ;habilitation ;habilitation 
